order_approved_at,num_pedidos,avg_review,std_review,per_detractor,per_atraso,avg_atraso,cv_review,mm_num_pedidos,mm_avg_review,mm_cv_review,mm_per_detractor,mm_per_atraso
2017-08-01,93,4.247706422018348,1.2704327295930857,0.1926605504587156,0.01834862385321101,0.13761467889908258,0.2990867549150029,,,,,
2017-08-02,161,4.25,1.2071217242444345,0.19318181818181818,0.028409090909090908,0.3806818181818182,0.28402864099869046,,,,,
2017-08-03,120,4.217391304347826,1.2424318655981748,0.2028985507246377,0.021739130434782608,0.15942028985507245,0.29459724648204144,,,,,
2017-08-04,102,4.308333333333334,1.0435543120704815,0.175,0.041666666666666664,0.4,0.24221763529682355,,,,,
2017-08-05,97,4.363636363636363,1.1630967264143728,0.14545454545454545,0.01818181818181818,0.08181818181818182,0.26654299980329377,,,,,
2017-08-06,66,4.220779220779221,1.1767861745513388,0.22077922077922077,0.025974025974025976,0.2727272727272727,0.27880780135524025,,,,,
2017-08-07,85,4.485148514851486,0.9231886197970446,0.1188118811881188,0.019801980198019802,0.10891089108910891,0.20583234127925273,103.42857142857143,4.298999308423797,0.2673019171614779,0.17839808096957951,0.02487447660251645
2017-08-08,135,4.195945945945946,1.1702594850563721,0.1891891891891892,0.02702702702702703,0.18243243243243243,0.27890242155932865,109.42857142857143,4.291604954699168,0.26441844096781014,0.17790217221679,0.026114248484490166
2017-08-09,109,4.359375,1.1953609476955447,0.1328125,0.0234375,0.40625,0.27420466183697084,102.0,4.307229954699168,0.26301501537327876,0.1692779839051017,0.02540402121176289
2017-08-10,124,4.275862068965517,1.2664624759798981,0.18620689655172415,0.041379310344827586,0.32413793103448274,0.29618880486626653,102.57142857142857,4.315582921073124,0.26324238085673946,0.16689346188039975,0.02820976119891218
2017-08-11,111,4.149606299212598,1.2603774954636078,0.2047244094488189,0.047244094488188976,0.2992125984251969,0.303734235149674,103.85714285714286,4.292907630484447,0.27203046655000385,0.1711398060873739,0.02900653660198679
2017-08-12,96,4.184,1.173525155385508,0.224,0.016,0.104,0.28047924363898374,103.71428571428571,4.26724529282211,0.274021358526531,0.1823605853081531,0.02869484829029848
2017-08-13,62,4.256410256410256,1.2319965575501894,0.16666666666666666,0.02564102564102564,0.1794871794871795,0.28944497436420114,103.14285714285714,4.2723354407694005,0.27554095467066825,0.1746302204349311,0.028647276814155576
2017-08-14,82,4.188888888888889,1.160147650855385,0.24444444444444444,0.0,0.0,0.2769583251378903,102.71428571428571,4.230012637060458,0.2857018095076164,0.19257772947154908,0.02581842250015275
2017-08-15,143,4.195121951219512,1.2912069247258449,0.2073170731707317,0.042682926829268296,0.3902439024390244,0.3077876971730211,103.85714285714286,4.22989492352811,0.2898282774524296,0.195167427183198,0.028054979614758644
2017-08-16,133,4.16875,1.294506413790952,0.1875,0.0125,0.11875,0.3105262761717426,107.28571428571429,4.202662780670968,0.2950170795002542,0.202979927183198,0.026492479614758646
2017-08-17,132,4.147651006711409,1.3171213437407705,0.21476510067114093,0.03355704697986577,0.1342281879194631,0.31755838222876187,108.42857142857143,4.184346914634666,0.29806987626632503,0.20705967062882896,0.025375013419764097
2017-08-18,121,4.375,1.1217545780309228,0.11029411764705882,0.022058823529411766,0.08823529411764706,0.25640104640706807,109.85714285714286,4.216546014747152,0.29130799216023845,0.19356962894286323,0.021777117568510213
2017-08-19,89,4.1568627450980395,1.2247052426888754,0.19607843137254902,0.0196078431372549,0.12745098039215685,0.29462248762798415,108.85714285714286,4.212669264046872,0.29332845558723847,0.18958083342465595,0.0222925237309752
2017-08-20,69,4.166666666666667,1.3428376117035237,0.16666666666666666,0.023809523809523808,0.19047619047619047,0.3222810268088457,109.85714285714286,4.19984875122636,0.29801932022218774,0.18958083342465595,0.022030880612189222
2017-08-21,97,4.201612903225806,1.1960629093338637,0.20967741935483872,0.03225806451612903,0.20967741935483872,0.2846675638337795,112.0,4.201666467560205,0.2991206400358862,0.18461411555471224,0.0266391755430648
2017-08-22,130,3.9934640522875817,1.4395573699566921,0.27450980392156865,0.013071895424836602,0.1503267973856209,0.3604783594163239,110.14285714285714,4.172858196284215,0.30664787749921507,0.1942130770905461,0.022409028199574556
2017-08-23,100,4.3130434782608695,1.1422140502942297,0.16521739130434782,0.034782608695652174,0.2,0.264827854402896,105.42857142857143,4.1934715503214814,0.300119531532237,0.1910298472768815,0.02559225801323915
2017-08-24,90,4.201754385964913,1.2492817374371032,0.17543859649122806,0.05263157894736842,0.05263157894736842,0.29732383730235856,99.42857142857143,4.201200604500554,0.29722888225703653,0.1854117752511797,0.028317191151453813
2017-08-25,107,4.198412698412699,1.2838681631372668,0.1984126984126984,0.07936507936507936,1.0396825396825398,0.30579846607806355,97.42857142857143,4.1759738471309396,0.30428565649575023,0.19800014393198534,0.03650379912797776
2017-08-26,77,4.2298850574712645,1.1381456708303812,0.1724137931034483,0.034482758620689655,0.5402298850574713,0.2690724819626173,95.71428571428571,4.1864056060414,0.3006356556864121,0.1946194813221138,0.03862878705418272
2017-08-27,66,4.259740259740259,1.1854667901694542,0.16883116883116883,0.0,0.0,0.278295557448317,95.28571428571429,4.199701833623342,0.2943520172063366,0.1949286959170427,0.035227426509965035
2017-08-28,97,4.5701754385964914,0.8089028759710468,0.07894736842105263,0.017543859649122806,0.03508771929824561,0.17699602276525783,95.28571428571429,4.252353624390582,0.27897036848226203,0.17625297435507323,0.03312539724324986
2017-08-29,125,4.296551724137931,1.0809212758557862,0.1724137931034483,0.027586206896551724,0.296551724137931,0.2515787881205281,94.57142857142857,4.295651863226347,0.2634132868685769,0.1616678299524846,0.03519887031063773
2017-08-30,127,4.4630872483221475,0.9899733134055759,0.10067114093959731,0.006711409395973154,0.006711409395973154,0.22181356946982078,98.42857142857143,4.317086687520815,0.25726838902099475,0.15244693704323456,0.03118869898211216
2017-08-31,129,4.276315789473684,1.235229921601335,0.16447368421052633,0.03289473684210526,0.18421052631578946,0.2888537662821583,104.0,4.327738316593497,0.25605837887525185,0.1508805210031343,0.02836915010993171
2017-09-01,110,4.166666666666667,1.1781341180018514,0.19047619047619047,0.03968253968253968,0.6666666666666666,0.2827521883204443,104.42857142857143,4.323203169201206,0.25276605348130626,0.14974673415506173,0.022700215869568895
2017-09-02,92,4.385321100917431,1.1131225422601352,0.1651376146788991,0.045871559633027525,0.1834862385321101,0.2538291989672693,106.57142857142857,4.345408318264945,0.25058844162482796,0.14870728009441184,0.024327187442760023
2017-09-03,75,4.3580246913580245,1.1325705494064002,0.14814814814814814,0.0,0.0,0.25988162748418814,107.85714285714286,4.359448951353197,0.24795788020138096,0.14575256285398033,0.024327187442760023
2017-09-04,96,4.414414414414415,1.1399239884425187,0.13513513513513514,0.04504504504504504,0.40540540540540543,0.25822767901452975,107.71428571428571,4.337197376470042,0.2595624025227055,0.15377938667027782,0.028255928213606056
2017-09-05,142,4.210843373493976,1.17967761884778,0.18674698795180722,0.012048192771084338,0.060240963855421686,0.2801523386677131,110.14285714285714,4.324953326378049,0.26364433831516054,0.1558269859343291,0.026036211909967858
2017-09-06,107,3.902439024390244,1.4788932178964183,0.2682926829268293,0.06504065040650407,0.8943089430894309,0.3789663870859572,107.28571428571429,4.2448607229592055,0.2860947408317514,0.17977292050393365,0.03436896062575799
2017-09-07,91,4.071428571428571,1.2456108508489228,0.24489795918367346,0.04081632653061224,0.1836734693877551,0.30593950722605123,101.85714285714286,4.215591120381332,0.2885355609665933,0.19126210264295468,0.0355006162955447
2017-09-08,77,4.488636363636363,1.082720267009684,0.125,0.022727272727272728,0.18181818181818182,0.24121362910595495,97.14285714285714,4.261586791377004,0.28260148107880906,0.18190836114635606,0.03307843530193513
2017-09-09,92,4.3619047619047615,1.0930181355717046,0.1619047619047619,0.0380952380952381,0.34285714285714286,0.25058276033849125,97.14285714285714,4.258241600089479,0.2821377041318408,0.18144652503576503,0.03196753222510808
2017-09-10,84,4.183673469387755,1.204347269638956,0.25510204081632654,0.04081632653061224,0.15306122448979592,0.28786837176736024,98.42857142857143,4.233334282665155,0.28613581045800823,0.1967256525597905,0.03779843601519554
2017-09-11,117,4.116279069767442,1.401048195641973,0.21705426356589147,0.06201550387596899,0.4263565891472868,0.34036764074917986,101.42857142857143,4.190743519144159,0.29787009070581544,0.2084283851927557,0.0402227872767561
2017-09-12,179,4.243654822335025,1.2295356858153663,0.17258883248730963,0.05583756345177665,0.34517766497461927,0.2897350838584057,106.71428571428571,4.195430868978595,0.2992390543044858,0.20640579155497035,0.04647841165971215
2017-09-13,162,3.873015873015873,1.427228345341665,0.2857142857142857,0.07407407407407407,0.4708994708994709,0.36850567933002004,114.57142857142857,4.191227561639399,0.297744667482209,0.2088945919531784,0.04776890075507929
2017-09-14,138,4.023809523809524,1.4140119207434432,0.2619047619047619,0.05952380952380952,0.48214285714285715,0.3514112465752936,121.28571428571429,4.184424840550963,0.30424063024638653,0.2113241351990482,0.05044139832553605
2017-09-15,119,4.196969696969697,1.3333044179145443,0.19696969696969696,0.06818181818181818,0.32575757575757575,0.3176826410915521,127.28571428571429,4.142758173884297,0.31516477481575755,0.22160552048043344,0.05693490481904253
2017-09-16,95,3.9805825242718447,1.3282790172003553,0.2815533980582524,0.06796116504854369,0.5825242718446602,0.3336896067600893,127.71428571428571,4.0882835685081655,0.3270371814474144,0.23869818278807495,0.0612014658123719
2017-09-17,78,3.9759036144578315,1.3702047524976928,0.24096385542168675,0.07228915662650602,0.5662650602409639,0.3446272559312379,126.85714285714286,4.058602160661034,0.3351455934708255,0.23667844201741214,0.06569758439749959
2017-09-18,91,4.0181818181818185,1.4398127948000943,0.2545454545454545,0.09090909090909091,0.6909090909090909,0.35832445119459355,123.14285714285714,4.044588267577374,0.3377108521058846,0.242034326443064,0.06982523968794559
2017-09-19,171,4.059701492537314,1.3440304722913692,0.22885572139303484,0.13432835820895522,0.7611940298507462,0.33106632957177107,122.0,4.018309220463414,0.3436153157792225,0.25007245342959616,0.08103821036754252
2017-09-20,116,4.251798561151079,1.1862346053114843,0.1510791366906475,0.02877697841726619,0.14388489208633093,0.2789959562407721,115.42857142857143,4.072421033054158,0.33082821248075855,0.23083886071193355,0.07456719670228425
2017-09-21,119,4.102189781021898,1.4000245351465992,0.20437956204379562,0.051094890510948905,1.0145985401459854,0.3412871197777297,112.71428571428571,4.083618212655926,0.3293819086525351,0.2226209750175098,0.07336306541473273
2017-09-22,104,4.256,1.1137266705858282,0.16,0.04,0.104,0.26168389816396337,110.57142857142857,4.092051113088827,0.32138208823430814,0.21733958973612452,0.0693370913887587
2017-09-23,84,4.378640776699029,1.112465067566732,0.14563106796116504,0.0,0.0,0.25406630146202525,109.0,4.148916577721281,0.3100073303345847,0.1979221140079692,0.05962835352468104
2017-09-24,73,4.406976744186046,1.0102755241749262,0.11627906976744186,0.011627906976744186,0.08139534883720931,0.22924457804497006,108.28571428571429,4.210498453396741,0.29352409063654644,0.18011000177164851,0.050962460717572204
2017-09-25,84,4.137254901960785,1.3352732926501756,0.22549019607843138,0.0,0.0,0.3227437816358244,107.28571428571429,4.227508893936593,0.2884411378424366,0.17595925056207376,0.03797544773055921
2017-09-26,164,4.382513661202186,1.1074771937617751,0.14754098360655737,0.0273224043715847,0.825136612021858,0.25270364895062947,106.28571428571429,4.273624918031575,0.27724646918227347,0.16434285944971982,0.02268888289664914
2017-09-27,115,4.161971830985915,1.3402515056852795,0.176056338028169,0.007042253521126761,0.056338028169014086,0.3220232044116916,106.14285714285714,4.26079252800798,0.2833932189209763,0.16791103106936575,0.019583922197200652
2017-09-28,109,4.413223140495868,0.9888496809222599,0.1487603305785124,0.024793388429752067,0.2809917355371901,0.22406518987189783,104.71428571428571,4.305225865075689,0.2666472289344289,0.1599654265743253,0.015826564757029673
2017-09-29,92,4.2110091743119265,1.326882970190559,0.1743119266055046,0.01834862385321101,0.1743119266055046,0.3150985702631175,103.0,4.298798604263108,0.27427789637716515,0.1620099875179688,0.012733511021774103
2017-09-30,96,3.9469026548672566,1.4195114096846957,0.24778761061946902,0.008849557522123894,0.05309734513274336,0.3596519939335664,104.71428571428571,4.237121729715712,0.28936156673024244,0.17660377932629798,0.01399773352493466
2017-10-01,65,4.056338028169014,1.2292544075130833,0.19718309859154928,0.014084507042253521,0.3380281690140845,0.3030453574077393,103.57142857142857,4.187030484570421,0.2999045352106381,0.1881614977297419,0.014348676391435994
2017-10-02,91,3.752212389380531,1.63407342383627,0.30973451327433627,0.02654867256637168,0.04424778761061947,0.43549598323938327,104.57142857142857,4.132024411344671,0.316011992582575,0.2001964001862997,0.01814134390091766
2017-10-03,171,4.193717277486911,1.1739103810790588,0.193717277486911,0.020942408376963352,0.15706806282722513,0.2799212019801501,105.57142857142857,4.105053499385346,0.3199002144439351,0.20679301359777882,0.01722991590168604
2017-10-04,130,4.204225352112676,1.2293037433999416,0.19014084507042253,0.0,0.0,0.29239720529780855,107.71428571428571,4.111089716689169,0.31566792885623757,0.20880508603238646,0.016223879684382218
2017-10-05,115,3.891304347826087,1.41774356863444,0.3188405797101449,0.021739130434782608,0.2971014492753623,0.36433633607365495,108.57142857142857,4.036529889164915,0.33570666402791716,0.23310226447976254,0.015787557113672294
2017-10-06,110,3.7183098591549295,1.4652775361399264,0.323943661971831,0.02112676056338028,0.1619718309859155,0.3940708525224802,111.14285714285714,3.966144272713915,0.34698841863639757,0.254478226674952,0.01618443378655362
2017-10-07,97,4.11864406779661,1.340809116132747,0.2033898305084746,0.03389830508474576,0.06779661016949153,0.32554624630383566,111.28571428571429,3.9906787602752516,0.34211616897500746,0.24813568665909566,0.0197628262954996
2017-10-08,80,4.392857142857143,1.1302825869374027,0.15476190476190477,0.0,0.0,0.25730010109144125,113.42857142857143,4.038752919516413,0.33558113235839343,0.24207551611200356,0.017750753860891956
2017-10-09,109,4.203389830508475,1.278081642282739,0.17796610169491525,0.0423728813559322,0.2457627118644068,0.30405974554307097,116.0,4.103206839677548,0.31680452697320594,0.22325145731494347,0.020011355116543457
2017-10-10,171,4.171875,1.2093183684333773,0.203125,0.0625,0.390625,0.2898740658417084,116.0,4.100086514322274,0.3182263646677143,0.22459541767395616,0.025948153919834408
2017-10-11,122,4.20945945945946,1.3261030750632556,0.20270270270270271,0.02027027027027027,0.23648648648648649,0.3150293019411907,114.85714285714286,4.100834243943244,0.3214595213310546,0.22638996876428188,0.0288439068155873
2017-10-12,105,4.04424778761062,1.3255011217525932,0.23893805309734514,0.04424778761061947,0.40707964601769914,0.32774973032394533,113.42857142857143,4.122683306769605,0.31623286336681034,0.2149753221053105,0.03205942926927829
2017-10-13,107,4.0,1.267610984031618,0.23728813559322035,0.03389830508474576,0.2627118644067797,0.3169027460079045,113.0,4.162924755461758,0.30520884815044236,0.20259596119408038,0.03388393562947335
2017-10-14,112,4.245901639344262,1.2617151871106729,0.1885245901639344,0.04918032786885246,0.5081967213114754,0.29716071974421254,115.14285714285714,4.181104408539994,0.30115377292763906,0.20047235543057468,0.036067081741488594
2017-10-15,72,4.0120481927710845,1.40116655147281,0.21686746987951808,0.024096385542168676,0.2891566265060241,0.3492397110277574,114.0,4.1267031299562715,0.3142880029185414,0.20934457901880515,0.03950942253322698
2017-10-16,116,4.323308270676692,1.252566287972182,0.15037593984962405,0.022556390977443608,0.18045112781954886,0.28972402834834815,115.0,4.143834335694588,0.31224004331929534,0.20540312732662067,0.036678495336300035
2017-10-17,161,4.103960396039604,1.3764487287586613,0.24257425742574257,0.04950495049504951,0.5148514851485149,0.3353952270316642,113.57142857142857,4.134132249414532,0.31874306634643185,0.2110387355302982,0.03482205969273568
2017-10-18,149,3.9322916666666665,1.5041300762277554,0.2708333333333333,0.041666666666666664,0.23958333333333334,0.38250725117315104,117.42857142857143,4.094536850444133,0.32838277337956906,0.2207716827632454,0.03787868774936374
2017-10-19,130,3.973684210526316,1.4417950935100212,0.24342105263157895,0.03289473684210526,0.23684210526315788,0.3628358513468927,121.0,4.084456339432089,0.3333950763828472,0.22141211126813598,0.036256823353861704
2017-10-20,109,4.201612903225806,1.3311761332439562,0.1774193548387097,0.06451612903225806,0.6129032258064516,0.31682502979318733,121.28571428571429,4.113258182750061,0.33338397406645903,0.2128594283032059,0.04063079820350631
2017-10-21,94,4.20952380952381,1.1659861961120332,0.19047619047619047,0.0,0.0,0.2769876710220893,118.71428571428571,4.108061349918569,0.3305021099632986,0.21313822834781387,0.03360503707938454
2017-10-22,106,4.048387096774194,1.486277823166662,0.22580645161290322,0.056451612903225805,1.6935483870967742,0.3671283865989364,123.57142857142857,4.113252621919012,0.33305763504489555,0.21441522573829744,0.03822721241667842
2017-10-23,91,4.142857142857143,1.2817398889233116,0.17142857142857143,0.01904761904761905,0.24761904761904763,0.3093854904297648,120.0,4.087473889373363,0.3358664153422408,0.21742274453528992,0.03772595928384633
2017-10-24,132,4.169934640522876,1.2449416054430795,0.20261437908496732,0.032679738562091505,0.19607843137254902,0.2985518270106444,115.85714285714286,4.096898781442402,0.33060307248209514,0.21171419048660775,0.03532235757913805
2017-10-25,133,4.079470198675497,1.2517890067576463,0.24503311258278146,0.033112582781456956,0.31125827814569534,0.3068508766565009,113.57142857142857,4.117924286015091,0.3197950189797165,0.20802844466510037,0.03410034559553666
2017-10-26,120,3.9536423841059603,1.3333554082057837,0.2980132450331126,0.06622516556291391,0.2781456953642384,0.33724734780414295,112.14285714285714,4.115061167955041,0.3161395184736095,0.21582732929389087,0.03886183541279504
2017-10-27,103,4.282051282051282,1.2094894466201063,0.1794871794871795,0.042735042735042736,0.5811965811965812,0.28245561927056373,111.28571428571429,4.126552364930109,0.3112296026846632,0.21612273281510083,0.035750251656049996
2017-10-28,71,4.204819277108434,1.197141271128222,0.18072289156626506,0.012048192771084338,0.0963855421686747,0.2847069498671703,108.0,4.1258802888707695,0.3123323568053891,0.21472940439939722,0.03747142205191918
2017-10-29,80,4.25,1.1351041971825928,0.18478260869565216,0.03260869565217391,0.15217391304347827,0.26708334051355126,104.28571428571429,4.154682132188742,0.2980402073646197,0.2088688554112185,0.034065291016054634
2017-10-30,85,4.2592592592592595,1.26321330636995,0.19444444444444445,0.06481481481481481,0.4074074074074074,0.2965805154085969,103.42857142857143,4.171311005960473,0.29621092521873865,0.21215683727062892,0.04060346183993974
2017-10-31,130,4.124223602484472,1.3026787975895824,0.2236024844720497,0.055900621118012424,0.546583850931677,0.3158603711022933,103.14285714285714,4.164780857669272,0.29868357437468845,0.2151551380402121,0.043920730776499876
2017-11-01,119,4.307142857142857,1.2343782320394288,0.14285714285714285,0.05714285714285714,0.32857142857142857,0.28658864425459374,101.14285714285714,4.1973055231646095,0.29578896974584457,0.20055857093654947,0.04735362711384276
2017-11-02,96,3.776,1.3787792637200915,0.368,0.024,0.064,0.36514281348519373,97.71428571428571,4.171928039720901,0.299774036271709,0.21055667878896195,0.04132146060485505
2017-11-03,80,3.8877551020408165,1.4493699524256463,0.32653061224489793,0.0,0.0,0.3728038197840245,94.42857142857143,4.11560001400512,0.3126809220593462,0.23156288346863602,0.03521645449984895
2017-11-04,99,4.319327731092437,1.22081365691183,0.17647058823529413,0.06722689075630252,0.5042016806722689,0.28263973768970385,98.42857142857143,4.131958364574263,0.31238560603399396,0.2309554115642116,0.043099125640594406
2017-11-05,78,4.160919540229885,1.283831141711282,0.21839080459770116,0.0,0.0,0.3085450533947004,98.14285714285714,4.119232584607103,0.31830870787415805,0.23575658240736147,0.038440740547426695
2017-11-06,57,4.063492063492063,1.4127645726869078,0.2698412698412698,0.047619047619047616,0.3333333333333333,0.34767253155966876,94.14285714285714,4.091265842354647,0.3256075673243112,0.2465275574640508,0.03598420237660281
2017-11-07,208,4.188524590163935,1.1463448242928296,0.21311475409836064,0.045081967213114756,1.0040983606557377,0.2736870226295992,105.28571428571429,4.1004516977374275,0.31958280325678345,0.24502931026780952,0.03443868039018886
2017-11-08,120,3.776315789473684,1.4566466453074562,0.34210526315789475,0.07894736842105263,0.26973684210526316,0.3857322126946574,105.42857142857143,4.024619259498975,0.3337461701767926,0.2734933274536312,0.037553610572788214
2017-11-09,147,4.073170731707317,1.3455720411449985,0.25609756097560976,0.036585365853658534,0.14634146341463414,0.33035002207751457,112.71428571428571,4.067072221171448,0.32877577140426695,0.25750726473586116,0.03935151998045372
2017-11-10,128,4.134228187919463,1.2821946879661927,0.20134228187919462,0.06040268456375839,0.46308724832214765,0.3101412475762382,119.57142857142857,4.1022826620112545,0.3198239753745832,0.23962321754076069,0.047980474918133495
2017-11-11,126,4.194444444444445,1.09849087692261,0.18055555555555555,0.020833333333333332,0.10416666666666667,0.2618918646967812,123.42857142857143,4.084442192490113,0.3168599935184514,0.24020678430079803,0.041352823857709324
2017-11-12,110,3.991596638655462,1.3435079199007582,0.2773109243697479,0.05042016806722689,0.48739495798319327,0.33658408940671625,128.0,4.06025320655091,0.32086557009159655,0.24862394426823325,0.04855570501017031
2017-11-13,117,4.1911764705882355,1.2679216349329934,0.19117647058823528,0.022058823529411766,0.2426470588235294,0.30252165324717034,136.57142857142858,4.078493836136078,0.31441544461838244,0.23738611580351407,0.04490424442593661
2017-11-14,195,4.04524886877828,1.435820182639078,0.2171945701357466,0.10407239819004525,1.5384615384615385,0.3549398885494813,134.71428571428572,4.058025875938126,0.3260229968926513,0.23796894666599777,0.053331448851212396
2017-11-15,138,4.236024844720497,1.2016422509960614,0.20496894409937888,0.043478260869565216,0.3167701863354037,0.28367214429672416,137.28571428571428,4.123698598116243,0.31144298712151797,0.21837804394335267,0.048264433486714206
2017-11-16,119,4.318840579710145,1.046269056172126,0.15217391304347827,0.06521739130434782,0.8768115942028986,0.24225692911368019,133.28571428571428,4.158794290688076,0.29885825955525597,0.20353180852447675,0.052354722836812674
2017-11-17,187,3.916279069767442,1.4314443122079188,0.2930232558139535,0.07906976744186046,1.1813953488372093,0.36551131487494365,141.71428571428572,4.127658702380644,0.3067682691693567,0.21662909051515658,0.05502144896225582
2017-11-18,133,4.0055555555555555,1.4512457458244048,0.2388888888888889,0.07222222222222222,0.8555555555555555,0.3623082305802952,142.71428571428572,4.100674575396517,0.321113464295573,0.2249624238484899,0.06236271880352566
2017-11-19,101,4.419642857142857,1.0623651402035426,0.10714285714285714,0.09821428571428571,0.7410714285714286,0.24037352667231673,141.42857142857142,4.16182403518043,0.3073690981906588,0.20065269995893406,0.06919044989596264
2017-11-20,120,4.015384615384615,1.4573237411718731,0.25384615384615383,0.1,0.5384615384615384,0.36293503132632854,141.85714285714286,4.136710913008485,0.3159995807733957,0.20960551185292248,0.08032490367747525
2017-11-21,166,3.9450549450549453,1.4402473495561752,0.2692307692307692,0.18681318681318682,1.7142857142857142,0.3650766262106182,137.71428571428572,4.122397495333723,0.31744768615355806,0.21703925458078283,0.09214501633792405
2017-11-22,191,4.039823008849558,1.3994309842382429,0.22566371681415928,0.13716814159292035,1.8008849557522124,0.34640898405021125,145.28571428571428,4.094368661637874,0.3264100918326277,0.2199956506828943,0.10552928501268906
2017-11-23,176,3.7699530516431925,1.565741278916295,0.3192488262910798,0.13145539906103287,1.3380281690140845,0.4153211611571243,153.42857142857142,4.01595615762831,0.3511335535531197,0.24386349543255165,0.11499185754935835
2017-11-24,587,3.6532033426183843,1.524622473018447,0.3579387186629526,0.1615598885793872,1.607242339832869,0.41733851911065384,210.57142857142858,3.97837391089273,0.3585374398725069,0.2531371329824087,0.126776160569005
2017-11-25,551,3.5808936825885977,1.6178036674058318,0.3790446841294299,0.18489984591679506,2.514637904468413,0.4517876850888059,270.2857142857143,3.9177079290403074,0.3713202190880084,0.2731593894453431,0.14287296395394403
2017-11-26,264,3.7086092715231787,1.5577025589330087,0.34105960264900664,0.17218543046357615,1.9337748344370862,0.4200233685694363,293.57142857142856,3.81613170252321,0.3969844822161683,0.30657606737479304,0.15344027034669977
2017-11-27,276,3.6666666666666665,1.5612904316176865,0.3669724770642202,0.1529051987767584,2.0275229357798166,0.42580648135027815,315.85714285714283,3.7663148527063606,0.40596611793387544,0.3227369706916597,0.1609981558862367
2017-11-28,391,3.6957494407158835,1.5808707397582111,0.3378076062639821,0.16331096196868009,1.447427293064877,0.4277537655399034,348.0,3.7306997806579227,0.41491999498091614,0.33253366169640436,0.1576406951941643
2017-11-29,264,3.7100977198697067,1.5605415277078238,0.3550488599348534,0.1563517915309446,1.5537459283387622,0.4206200605849885,358.42857142857144,3.6835961679465155,0.42552157734302715,0.3510172535707893,0.16038121661388205
2017-11-30,179,3.926470588235294,1.4787444061889534,0.23039215686274508,0.11764705882352941,1.0686274509803921,0.37660906225037016,358.85714285714283,3.7059558160311012,0.41999127749920523,0.3383234436524557,0.15840859657995296
2017-12-01,274,3.899390243902439,1.4543826817102352,0.27439024390243905,0.11890243902439024,1.5,0.37297695043077184,314.14285714285717,3.741125373357395,0.41365391054493633,0.32638794725809667,0.1523146752149534
2017-12-02,189,3.951923076923077,1.3682373984785376,0.23557692307692307,0.1346153846153846,2.1923076923076925,0.3462206555760776,262.42857142857144,3.7941295725480346,0.3985729063288323,0.3058925528220242,0.14513118074332335
2017-12-03,137,3.779874213836478,1.5037834089521427,0.32075471698113206,0.1069182389937107,0.6540880503144654,0.3978395374765236,244.28571428571428,3.804310278592792,0.39540378760127337,0.3029918548694707,0.1358072962476283
2017-12-04,134,3.952054794520548,1.4399817612869001,0.273972602739726,0.1232876712328767,1.0205479452054795,0.36436280268264715,224.0,3.8450800111433465,0.38662611922018314,0.28970615853740006,0.1315762208842166
2017-12-05,313,3.884180790960452,1.531770636116787,0.2627118644067797,0.11016949152542373,1.0338983050847457,0.3943613128620674,212.85714285714286,3.8719987754639993,0.3818557688376352,0.2789781954149426,0.12398458224946571
2017-12-06,230,4.093984962406015,1.2747924373260078,0.24436090225563908,0.09022556390977443,0.6015037593984962,0.31138180746438754,208.0,3.9268398101120434,0.36625030410612075,0.26316563003219773,0.11453797830358425
2017-12-07,176,3.8267326732673266,1.553259521815729,0.31683168316831684,0.10891089108910891,0.7722772277227723,0.4058970548599965,207.57142857142858,3.912591536545191,0.3704343030503531,0.2755141337901365,0.11328995434152418
2017-12-08,173,3.9257425742574257,1.5027108814085925,0.27722772277227725,0.12376237623762376,0.8217821782178217,0.38278385629827955,193.14285714285714,3.916356155167332,0.37183528960285417,0.2759194879143992,0.11398423108627184
2017-12-09,119,4.031746031746032,1.3202212416803962,0.25396825396825395,0.06349206349206349,1.0952380952380953,0.32745644970812976,183.14285714285714,3.9277594344277538,0.3691546887645759,0.278546820898875,0.1038237566400831
2017-12-10,112,3.9160305343511452,1.4035020371525118,0.2748091603053435,0.061068702290076333,0.916030534351145,0.35839915568611896,179.57142857142858,3.947210337358421,0.3635203485088038,0.2719831699451909,0.09727382282527819
2017-12-11,133,3.904109589041096,1.325239169687092,0.2945205479452055,0.04794520547945205,0.6643835616438356,0.3394472259198516,179.42857142857142,3.9403610222899275,0.359960980399833,0.27491859068883084,0.08651061343193182
2017-12-12,273,3.9365079365079363,1.454982827322389,0.2698412698412698,0.06984126984126984,0.707936507936508,0.36961257306980044,173.71428571428572,3.9478363287967113,0.3564254461437949,0.2759370771794723,0.08074943890562412
2017-12-13,181,4.009852216748769,1.2858335039320494,0.2019704433497537,0.06403940886699508,0.5073891625615764,0.32066855196339805,166.71428571428572,3.9358173651313897,0.35775212392936784,0.2698812973357744,0.0770085596137985
2017-12-14,147,4.098159509202454,1.3156922035186485,0.2147239263803681,0.03680981595092025,0.2147239263803681,0.32104465445140673,162.57142857142858,3.9745926274078367,0.3456303524424265,0.25529447493749596,0.06670840602262869
2017-12-15,142,3.8658536585365852,1.4121488227064438,0.3170731707317073,0.042682926829268296,0.23780487804878048,0.36528770808179306,158.14285714285714,3.9660370680191455,0.3431309026972141,0.26098668178884316,0.055125627535720756
2017-12-16,117,3.953125,1.4300452886391586,0.265625,0.0625,1.25,0.3617505868494314,157.85714285714286,3.954805492055427,0.34803006514597146,0.2626519312219497,0.0549839041797117
2017-12-17,83,3.9896907216494846,1.3806312366754014,0.27835051546391754,0.020618556701030927,0.07216494845360824,0.3460496898126975,153.71428571428572,3.965328375955189,0.3462658557354827,0.263157839101746,0.04920531195270521
2017-12-18,122,4.253623188405797,1.2618003254699943,0.2028985507246377,0.057971014492753624,0.7753623188405797,0.29664130309175335,152.14285714285714,4.015258890150146,0.34015072390289725,0.2500689823559506,0.05063757038317686
2017-12-19,165,4.127777777777778,1.3076079724287701,0.2222222222222222,0.07222222222222222,0.5888888888888889,0.31678255052110177,136.71428571428572,4.042583153188695,0.33260357782451166,0.24326626126751522,0.05097770643759863
2017-12-20,148,4.216374269005848,1.215086905743985,0.19298245614035087,0.05263157894736842,0.8888888888888888,0.2881828861057163,132.0,4.072086303511135,0.3279627684162714,0.24198226309474338,0.04934801644908054
2017-12-21,122,4.086330935251799,1.3645725263038686,0.2158273381294964,0.08633093525179857,0.697841726618705,0.3339358823173199,128.42857142857142,4.070396507232471,0.3298043723971162,0.24213989334461886,0.05642246206349172
2017-12-22,100,3.8956521739130436,1.4349883124622052,0.30434782608695654,0.043478260869565216,0.5391304347826087,0.36835637485078926,122.42857142857143,4.074653438000536,0.3302427533641156,0.24032198696679732,0.05653608121210557
2017-12-23,78,4.2,1.2379758760423891,0.18888888888888888,0.07777777777777778,0.45555555555555555,0.2947561609624736,116.85714285714286,4.109921295143392,0.3206721210945503,0.22935968537949572,0.05871862089464525
2017-12-24,35,4.083333333333333,1.273353278327963,0.2222222222222222,0.05555555555555555,0.5555555555555556,0.3118416191823583,110.0,4.123298811098228,0.31578525386164463,0.22134135777353928,0.0637096207310059
2017-12-25,46,4.354166666666667,0.8870122773343355,0.14583333333333334,0.041666666666666664,0.4166666666666667,0.20371573833515838,99.14285714285714,4.137662165135496,0.3025101731821311,0.2131891838604958,0.06138042818442206
2017-12-26,100,4.288288288288288,1.1472289728447047,0.18018018018018017,0.009009009009009009,0.10810810810810811,0.26752608400370215,89.85714285714286,4.160592238065568,0.29547353510821683,0.20718317785448975,0.052349969153963026
2017-12-27,158,4.1976744186046515,1.3535292178853218,0.19767441860465115,0.040697674418604654,0.23837209302325582,0.3224474037067525,91.28571428571429,4.157920830865398,0.30036846619407914,0.2078534582065327,0.05064512564985392
2017-12-28,118,4.312977099236641,1.1837617319093647,0.17557251908396945,0.022900763358778626,0.17557251908396945,0.27446510952234826,90.71428571428571,4.190298854291803,0.2918726415090832,0.2021027697714574,0.041583672522279645
2017-12-29,125,4.24113475177305,1.235780315774255,0.1773049645390071,0.03546099290780142,0.7446808510638298,0.291379639672525,94.28571428571429,4.239653508271805,0.2808759650550455,0.18395378955032177,0.04043834852774196
2017-12-30,57,3.9838709677419355,1.2993306660735164,0.25806451612903225,0.03225806451612903,0.41935483870967744,0.32614777852857496,91.28571428571429,4.208777932234939,0.2853604818502028,0.19383602201319938,0.03393553234750642
2017-12-31,44,4.25,1.2632278815997786,0.1875,0.0,0.0,0.2972300897881832,92.57142857142857,4.232587456044462,0.28327312050817777,0.1888757045528819,0.025999024410998488
2018-01-01,44,4.0,1.4295028019803129,0.2553191489361702,0.0425531914893617,0.19148936170212766,0.3573757004950782,92.28571428571429,4.181992217949223,0.30522454367388063,0.2045165353532872,0.026125670814240633
2018-01-02,124,3.9305555555555554,1.4611652490406022,0.2708333333333333,0.006944444444444444,0.034722222222222224,0.3717452223707539,95.71428571428571,4.130887541844547,0.32011299201203086,0.21746698580373766,0.02583073301930284
2018-01-03,166,4.256983240223463,1.204343195864616,0.19553072625698323,0.0111731843575419,1.0,0.28291001582646497,96.85714285714286,4.139360230647235,0.31446479374341835,0.21716074403978508,0.021612948724865303
2018-01-04,191,4.158653846153846,1.2544884113791772,0.21634615384615385,0.04326923076923077,0.1778846153846154,0.3016573289790392,107.28571428571429,4.1173140516354065,0.31834939652294564,0.2229855490058114,0.024522729783501323
2018-01-05,157,3.972972972972973,1.4235306399797734,0.2702702702702703,0.05405405405405406,0.5243243243243243,0.3583036304710994,111.85714285714286,4.079005226092539,0.3279099666370277,0.23626630696742046,0.02717888137582313
2018-01-06,176,3.9134615384615383,1.4285601475373448,0.30288461538461536,0.03365384615384615,0.4326923076923077,0.3650374824174051,128.85714285714286,4.068946736195339,0.33346563862114625,0.24266917828964663,0.027378278752639856
2018-01-07,127,4.111111111111111,1.2906934825471406,0.25,0.013888888888888888,0.20833333333333334,0.31395246872768284,140.71428571428572,4.049105466354069,0.33585454989821767,0.2515977497182181,0.029362405736766843
2018-01-08,175,3.9356435643564356,1.4458094641583719,0.2722772277227723,0.019801980198019802,0.4504950495049505,0.36736290787420267,159.42857142857142,4.039911689833561,0.33728129380952115,0.2540203324020183,0.02611223269514657
2018-01-09,190,4.058295964125561,1.3121781500986252,0.2645739910313901,0.03587443946188341,0.2914798206278027,0.323332295549164,168.85714285714286,4.058160319629275,0.33036516140643685,0.2531261406445979,0.030245089126209285
2018-01-10,269,3.99672131147541,1.4223275047013093,0.2360655737704918,0.05245901639344262,1.0032786885245901,0.35587357582764506,183.57142857142858,4.0209800440938395,0.3407885271208912,0.25891683314652764,0.036143065131337956
2018-01-11,177,4.183673469387755,1.3036197241291918,0.1989795918367347,0.03571428571428571,0.3163265306122449,0.3115969096699044,181.57142857142858,4.024554275984397,0.34220846721958625,0.2564358957166107,0.035063787266345806
2018-01-12,191,3.9519650655021836,1.3740572776573037,0.27074235807860264,0.05240174672489083,0.759825327510917,0.3476896315840028,186.42857142857142,4.021553146345714,0.34069218166428666,0.2565033368320867,0.03482774336217963
2018-01-13,191,3.7563025210084033,1.5533624155910404,0.3235294117647059,0.025210084033613446,0.7689075630252101,0.4135349607501875,188.57142857142858,3.9991018581381224,0.3476203928546841,0.2594525934578139,0.033621491630717815
2018-01-14,143,4.070063694267516,1.3306767589999737,0.24203821656050956,0.050955414012738856,0.45222929936305734,0.3269424900829357,190.85714285714286,3.9932379414461807,0.3494761101911489,0.258315195823601,0.03891670950555352
2018-01-15,198,4.0754716981132075,1.3747769363746338,0.24528301886792453,0.0660377358490566,0.7830188679245284,0.33732952605488703,194.14285714285714,4.013213389125719,0.3451856270741038,0.25445888027290847,0.04552181745570164
2018-01-16,286,4.120481927710843,1.3136291407051952,0.21987951807228914,0.045180722891566265,0.6174698795180723,0.3188047329781614,207.85714285714286,4.022097098209331,0.34453883242110345,0.2480739555644655,0.0468512865170849
2018-01-17,237,4.1505791505791505,1.259271681235037,0.2084942084942085,0.07335907335907337,1.054054054054054,0.30339661901383685,203.28571428571428,4.044076789509865,0.3370421243048451,0.24413518909642498,0.04983700894074644
2018-01-18,174,3.979381443298969,1.4140624711801026,0.25257731958762886,0.030927835051546393,0.211340206185567,0.35534730493385996,202.85714285714286,4.014892214354325,0.3432921807711245,0.25179200734655277,0.049153230274640816
2018-01-19,164,4.005649717514125,1.404122077464497,0.2542372881355932,0.07909604519774012,1.03954802259887,0.3505354128507982,199.0,4.02256145035603,0.3436987209520952,0.2494341402118371,0.052966701485047854
2018-01-20,153,3.9467455621301775,1.5207311643290982,0.27218934911242604,0.10059171597633136,0.9881656804733728,0.38531269381052113,193.57142857142858,4.049767599087713,0.33966696853214284,0.2420998455472257,0.06373550604829328
2018-01-21,3,5.0,0.0,0.0,0.0,0.0,0.0,173.57142857142858,4.182615642763781,0.2929608985202949,0.2075229574671529,0.05645616118933059
2018-01-22,315,3.8398876404494384,1.5326251027728952,0.300561797752809,0.07303370786516854,0.8117977528089888,0.39913279925907147,190.28571428571428,4.148960777383244,0.30178993754946415,0.21541992587927927,0.05745558576306086
2018-01-23,251,3.9656357388316152,1.5104878834888438,0.26804123711340205,0.08247422680412371,0.7216494845360825,0.38089425831477774,185.28571428571428,4.12683989325764,0.3106598697404093,0.2223001714565811,0.0627832291791405
2018-01-24,199,3.8922413793103448,1.4177386336199966,0.3103448275862069,0.10775862068965517,1.1379310344827587,0.36424735658896923,179.85714285714286,4.089934497362096,0.3193528322511425,0.23685025989829514,0.06769745022636646
2018-01-25,174,4.072538860103627,1.284897158576298,0.26424870466321243,0.08290155440414508,1.2953367875647668,0.31550273741122836,179.85714285714286,4.103242699762761,0.3136607511764809,0.2385176006233785,0.07512226727673772
2018-01-26,187,3.940909090909091,1.4242386705831849,0.2772727272727273,0.08181818181818182,1.0136363636363637,0.3613985092598624,183.14285714285714,4.093994038819185,0.3152126220920615,0.24180837764296909,0.0755111439368008
2018-01-27,151,3.8722222222222222,1.5500245287500702,0.2777777777777778,0.044444444444444446,0.32222222222222224,0.40029327858681873,182.85714285714286,4.083347847403763,0.31735270563153256,0.2426067245951622,0.06749010514653125
2018-01-28,97,4.213592233009709,1.265302300056124,0.1941747572815534,0.02912621359223301,0.13592233009708737,0.300290638031753,196.28571428571428,3.9710038806908643,0.36025136820749726,0.27034597563538415,0.07165099280256453
2018-01-29,167,3.85,1.4894941976470137,0.33,0.055,0.485,0.3868816097784451,175.14285714285714,3.9724485034838013,0.3585011982816935,0.27455143309926855,0.06907474882182617
2018-01-30,209,3.7510204081632654,1.5011092140589302,0.3020408163265306,0.1346938775510204,0.8448979591836735,0.4001868960222393,169.14285714285714,3.94178917053118,0.3612572893827594,0.2794085158440012,0.0765346989285257
2018-01-31,177,4.073170731707317,1.3789425456621491,0.22926829268292684,0.07804878048780488,0.4634146341463415,0.3385427806715456,166.0,3.9676362208736045,0.3575852071088418,0.2678261537149612,0.0722904360425471
2018-02-01,196,4.038461538461538,1.281519092799495,0.2564102564102564,0.029914529914529916,0.45726495726495725,0.3173285372646369,169.14285714285714,3.9627680320675913,0.3578460356593287,0.2667063753931103,0.06472086111545922
2018-02-02,158,3.8833333333333333,1.495897555719209,0.26666666666666666,0.044444444444444446,0.37222222222222223,0.3852096710006547,165.0,3.954542923842484,0.3612476301937276,0.26519122387795885,0.059381755776353864
2018-02-03,163,3.94300518134715,1.4404373196526166,0.3005181347150259,0.06735751295336788,1.5181347150259068,0.36531458960966495,166.71428571428572,3.964654775146045,0.35625067462556276,0.2684398462975657,0.06265505127762865
2018-02-04,155,4.088757396449704,1.3039971494574598,0.25443786982248523,0.023668639053254437,0.15976331360946747,0.31892260239987075,175.0,3.9468212270660437,0.35891238382100815,0.27704886237484166,0.06187539777206028
2018-02-05,171,3.9054726368159205,1.538187212434661,0.26865671641791045,0.07960199004975124,1.1343283582089552,0.3938543053495119,175.57142857142858,3.954745889468318,0.35990848318830343,0.2682855361488289,0.0653899677791676
2018-02-06,245,3.9892857142857143,1.4230159515485041,0.26071428571428573,0.04642857142857143,0.4607142857142857,0.35670945965405654,180.71428571428572,3.988783790342954,0.3536974208499916,0.2623817460613653,0.05278063833310346
2018-02-07,190,4.06046511627907,1.2682572365927827,0.21395348837209302,0.07906976744186046,0.9627906976744186,0.31234284749994073,182.57142857142858,3.986968702424633,0.34995457325404805,0.2601939168741033,0.05292649361225426
2018-02-08,193,3.9864864864864864,1.3834174019294954,0.2927927927927928,0.08558558558558559,1.054054054054054,0.34702673811112766,182.14285714285714,3.979543694999625,0.3541971733749753,0.26539142207160854,0.060879501565262215
2018-02-09,153,3.9766081871345027,1.4264444335655782,0.2982456140350877,0.08187134502923976,0.6491228070175439,0.35870882079369687,181.42857142857142,3.992868674114078,0.3504113376311242,0.2699027002670973,0.06622620164880441
2018-02-10,160,3.909090909090909,1.4393360662778905,0.2897727272727273,0.09090909090909091,1.1363636363636365,0.3682022495129487,181.0,3.9880237780774723,0.35082386047445047,0.2683676420610546,0.06959071278533627
2018-02-11,114,3.515625,1.5872740709713469,0.390625,0.15625,1.203125,0.45149129129851645,175.14285714285714,3.906147721441801,0.3697622446028284,0.28782294637212813,0.08853090720629993
2018-02-12,135,3.6012658227848102,1.5055729739350354,0.379746835443038,0.12658227848101267,1.4113924050632911,0.41806771508213636,170.0,3.8626896051516417,0.37322130313606044,0.3036929633757178,0.0952423769821944
2018-02-13,142,3.6065573770491803,1.6995024015571665,0.37158469945355194,0.09289617486338798,0.8688524590163934,0.47122566588630527,155.28571428571428,3.8080141284035656,0.38958076116923884,0.3195315939098987,0.10188060604431105
2018-02-14,161,4.021621621621621,1.310313423992589,0.24324324324324326,0.12972972972972974,1.4324324324324325,0.325817182041168,151.14285714285714,3.802465057738216,0.3915056661036999,0.3237158446057773,0.10911774351400665
2018-02-15,270,3.9185667752442996,1.4199375957256894,0.2931596091205212,0.1270358306188925,1.4332247557003257,0.36236146457837626,162.14285714285714,3.792762241846475,0.39369634131330683,0.3237682469383099,0.11503920709019336
2018-02-16,217,3.856589147286822,1.4491293487655776,0.31007751937984496,0.13178294573643412,1.375968992248062,0.37575414269499396,171.28571428571428,3.7756166647253773,0.3961313872992065,0.32545851913041807,0.1221694357626497
2018-02-17,163,3.745945945945946,1.5552496295147473,0.31891891891891894,0.10270270270270271,1.6324324324324324,0.4151820800291894,171.71428571428572,3.752310241418954,0.4028427916586694,0.32962226079415974,0.12385423744745139
2018-02-18,139,3.496969696969697,1.6806801846938249,0.3878787878787879,0.2,1.981818181818182,0.48061045142891007,175.28571428571428,3.7496451981289107,0.4070026716772971,0.3292299447768437,0.1301042374474514
2018-02-19,151,3.9705882352941178,1.4693172370376792,0.23529411764705882,0.18235294117647058,1.464705882352941,0.37005026710578587,177.57142857142858,3.802405542773098,0.40014303625210407,0.308593842234561,0.13807147497537395
2018-02-20,239,3.816849816849817,1.520500221050638,0.3333333333333333,0.15384615384615385,1.4065934065934067,0.3983652210622113,191.42857142857142,3.8324473198874744,0.3897344012772335,0.30312936136024404,0.14677861483005478
2018-02-21,196,3.9,1.4832396974191324,0.2818181818181818,0.1590909090909091,1.6181818181818182,0.3803178711331109,196.42857142857142,3.815072802512957,0.397520214004654,0.3086400668709496,0.150973069024509
2018-02-22,213,3.522727272727273,1.6030669706563299,0.3939393939393939,0.20454545454545456,2.5984848484848486,0.45506417231534524,188.28571428571428,3.758524302153382,0.41076345796707814,0.3230371789879314,0.16204587244258928
2018-02-23,201,3.5269709543568464,1.6177075971837953,0.3900414937759336,0.22406639004149378,3.099585062240664,0.4586676834368173,186.0,3.711435988877671,0.4226082495016243,0.3344606039016583,0.17522922162902635
2018-02-24,159,3.396039603960396,1.693294988719253,0.44554455445544555,0.1782178217821782,3.0643564356435644,0.4986087284566897,185.42857142857142,3.661449368594021,0.4345263421341243,0.35254998040687646,0.18601709578323716
2018-02-25,139,3.4155844155844157,1.6713710027325308,0.4155844155844156,0.2792207792207792,3.772727272727273,0.4893367574540109,185.42857142857142,3.649822899824695,0.43577295728056736,0.35650792722196606,0.19733434995763416
2018-02-26,184,3.530232558139535,1.5966575607263858,0.35348837209302325,0.22325581395348837,3.227906976744186,0.4522811272149841,190.14285714285714,3.586914945945469,0.4475202230104528,0.37339282071424673,0.20317761749720814
2018-02-27,266,3.3765060240963853,1.688719233475603,0.42771084337349397,0.18674698795180722,2.8644578313253013,0.5001380780677076,194.0,3.524008689837836,0.4620592025826666,0.3868753221485554,0.20787773665515866
2018-02-28,215,3.503731343283582,1.7059010476818641,0.376865671641791,0.21641791044776118,3.1940298507462686,0.48688123618609114,196.71428571428572,3.4673988817354906,0.477282540447378,0.4004535349804995,0.2160673082775661
2018-03-01,234,3.6468531468531467,1.5507012198019734,0.34615384615384615,0.23076923076923078,2.6503496503496504,0.42521625010869074,199.71428571428572,3.485131149467758,0.473018551560713,0.39362702815399275,0.2198135620238198
2018-03-02,211,3.3221757322175733,1.7467767057482577,0.4476987447698745,0.3138075313807531,3.8493723849372383,0.5257929882541985,201.14285714285714,3.455874689162148,0.482607880820339,0.4018637782959843,0.23263372507228544
2018-03-03,186,3.650717703349282,1.577337082201204,0.3588516746411483,0.2679425837320574,3.076555023923445,0.43206218896468107,205.0,3.4922572747891314,0.4731012323214806,0.38947908117965613,0.24545154820798246
2018-03-04,158,3.5730337078651684,1.5972266957139891,0.39325842696629215,0.25280898876404495,3.0898876404494384,0.44702256578158817,207.71428571428572,3.5147500308292394,0.46705634779684885,0.3862896542342099,0.24167843528559188
2018-03-05,155,3.390374331550802,1.6792578266513596,0.40106951871657753,0.2887700534759358,2.8609625668449197,0.495301598712625,203.57142857142858,3.4947702841737063,0.47320212943936885,0.3930869608947177,0.25103761236022726
2018-03-06,259,3.6027397260273974,1.581592794329885,0.3664383561643836,0.3013698630136986,2.6027397260273974,0.4389972394908046,202.57142857142858,3.5270893844495643,0.4644677239283827,0.38433374843627327,0.2674123087976403
2018-03-07,199,3.4311926605504586,1.6593095697985791,0.3944954128440367,0.24770642201834864,2.4954128440366974,0.4835955698076073,200.28571428571428,3.5167267154876893,0.46399834301717074,0.386852282893737,0.271882096164867
2018-03-08,159,3.7109826589595376,1.6022316067880331,0.32947976878612717,0.2138728323699422,2.820809248554913,0.4317539999600151,189.57142857142858,3.5258880743600316,0.4649323072816457,0.38447027184120575,0.2694683249649687
2018-03-09,180,3.4524886877828056,1.6770525161475733,0.3936651583710407,0.19004524886877827,1.7330316742081449,0.48575177728520796,185.14285714285714,3.54450421086935,0.45921213428607566,0.37675118806994373,0.2517879988918294
2018-03-10,148,3.710691823899371,1.6278661654225957,0.3584905660377358,0.20754716981132076,2.050314465408805,0.43869613610541136,179.71428571428572,3.5530719423765054,0.46015984102046564,0.3766996011265991,0.24316008261743846
2018-03-11,141,3.567073170731707,1.601881936019158,0.3902439024390244,0.21951219512195122,2.048780487804878,0.44907459402930244,177.28571428571428,3.552220437071725,0.4604529879129963,0.3762689547655609,0.23840339781142508
2018-03-12,147,3.618181818181818,1.6096989844064364,0.3515151515151515,0.23636363636363636,2.206060606060606,0.44489167910730654,176.14285714285714,3.5847643637332998,0.45325157082652223,0.3691897594510714,0.23091676679538228
2018-03-13,192,3.7379912663755457,1.525053171322884,0.34497816593886466,0.21397379912663755,2.336244541484716,0.4079873554123136,166.57142857142858,3.604086012354464,0.4488215873867378,0.36612401799028305,0.21843161481151643
2018-03-14,152,3.4775280898876404,1.616318814623506,0.398876404494382,0.20224719101123595,1.5168539325842696,0.4647895783570017,159.85714285714286,3.610705359402633,0.4461350171795084,0.36674987394033237,0.21193743895335748
2018-03-15,207,3.8461538461538463,1.5003025996087815,0.3076923076923077,0.20085470085470086,1.7008547008547008,0.3900786758982832,166.71428571428572,3.630015529001819,0.44018139945640383,0.3636373794983581,0.21007770587975158
2018-03-16,196,3.5042735042735043,1.6133771879586731,0.4017094017094017,0.15384615384615385,1.2094017094017093,0.460402758515036,169.0,3.637413359929062,0.436560111060665,0.36478655711812397,0.20490640659080522
2018-03-17,166,3.641304347826087,1.6368804245737003,0.3532608695652174,0.21195652173913043,2.2717391304347827,0.4495313404799416,171.57142857142858,3.6275008633471644,0.4381079973998836,0.3640394576220499,0.20553631400906375
2018-03-18,135,4.026315789473684,1.4092756507800346,0.24342105263157895,0.15789473684210525,1.4276315789473684,0.350016174703538,170.71428571428572,3.6931069517388755,0.42395679463906005,0.3430647647924148,0.19673381996908576
2018-03-19,174,3.6903553299492384,1.6289969292621234,0.3401015228426396,0.17766497461928935,1.3959390862944163,0.44142007574228104,174.57142857142858,3.703417453419935,0.42346085130119926,0.3414342464106274,0.18834829686275048
2018-03-20,251,3.882943143812709,1.5138100406056254,0.26755852842809363,0.13712374581939799,1.2408026755852843,0.3898615005521809,183.0,3.724124864482387,0.42087144346403743,0.330374298194803,0.1773697178188591
2018-03-21,245,4.041958041958042,1.4086157239937611,0.22377622377622378,0.06993006993006994,0.7202797202797203,0.3484983538600482,196.28571428571428,3.8047577147781584,0.40425841139304414,0.30535998666363756,0.15846727195012109
2018-03-22,194,3.721518987341772,1.6098482047145615,0.3333333333333333,0.11392405063291139,1.1898734177215189,0.4325782590899672,194.42857142857142,3.786952734947863,0.4103297804204276,0.3090229903266412,0.1460486076327226
2018-03-23,182,4.105990783410138,1.3168463519824465,0.2304147465437788,0.06912442396313365,0.5299539170506913,0.3207134213021222,192.42857142857142,3.872912346253096,0.3903741608185827,0.2845523253029808,0.13394550336371971
2018-03-24,135,3.883116883116883,1.4948628894130953,0.2597402597402597,0.09090909090909091,0.44155844155844154,0.3849646905846433,188.0,3.9074569941517807,0.38115035369068295,0.27119223818512966,0.11665301324514263
2018-03-25,117,3.978723404255319,1.4115244297586458,0.2624113475177305,0.11347517730496454,1.375886524822695,0.3547681721853281,185.42857142857142,3.9006580819777286,0.38182921047379587,0.2739051374545799,0.11030736188269397
2018-03-26,171,4.207920792079208,1.2603153019627902,0.19306930693069307,0.10396039603960396,1.188118811881188,0.29951022470174543,185.0,3.9745960051391527,0.3615563746108622,0.25290053518144473,0.09977813637131035
2018-03-27,218,4.224409448818897,1.2733334631465811,0.19291338582677164,0.08267716535433071,0.5984251968503937,0.30142283284178156,180.28571428571428,4.023376905854323,0.34892227922366226,0.24223694338125584,0.0920000534477293
2018-03-28,164,3.8097826086956523,1.3717333602049522,0.30978260869565216,0.11956521739130435,1.1141304347826086,0.3600555467585038,168.71428571428572,3.990208986816839,0.35057330678058446,0.25452356979831703,0.09909078879933422
2018-03-29,168,3.8481675392670156,1.430121192212198,0.2931937172774869,0.11518324607329843,1.1099476439790577,0.37163693566330586,165.0,4.008301637091873,0.3418674034339186,0.24878933893319613,0.09927067386224664
2018-03-30,120,3.8358208955223883,1.5856216249803126,0.291044776119403,0.1044776119402985,0.9925373134328358,0.4133721746057624,156.14285714285714,3.9697059388221945,0.3551043681915815,0.25745077172971387,0.10432112928755591
2018-03-31,106,3.645669291338583,1.630695435711247,0.33858267716535434,0.13385826771653545,1.330708661417323,0.4472965881972535,152.0,3.935784854282438,0.36400892499338294,0.26871397421901305,0.11045672597433372
2018-04-01,130,3.8223684210526314,1.5444923454290345,0.2894736842105263,0.05263157894736842,0.46710526315789475,0.40406684424305206,153.85714285714286,3.9134484281106254,0.37105159243020064,0.2725800223179839,0.10176478335181997
2018-04-02,170,4.1938775510204085,1.2902646380535303,0.21428571428571427,0.09693877551020408,0.7397959183673469,0.3076543419203065,153.71428571428572,3.9114422508165103,0.37221503774713793,0.2756109376544155,0.10076169470476284
2018-04-03,230,4.007547169811321,1.381677868955726,0.27547169811320754,0.09433962264150944,1.0716981132075472,0.34476895976767175,155.42857142857142,3.880461925244,0.37840734159369366,0.2874049822667635,0.10242776003150267
2018-04-04,196,3.995260663507109,1.4225986628492628,0.22748815165876776,0.07582938388625593,0.7156398104265402,0.3560715514367669,160.0,3.906958790217065,0.3778381994048741,0.2756486312614943,0.09617978381649574
2018-04-05,212,4.260330578512397,1.181810927639286,0.17355371900826447,0.04132231404958678,0.28512396694214875,0.27739887923249973,166.28571428571428,3.965839224394977,0.364375619914759,0.25855720293731965,0.08562822209882268
2018-04-06,166,4.046391752577319,1.3361891411264615,0.27319587628865977,0.015463917525773196,0.04639175257731959,0.33021744379431023,172.85714285714286,3.995920775402824,0.3524963726559801,0.2560073601043564,0.07291198003960475
2018-04-07,130,4.2,1.326021618727739,0.18620689655172415,0.027586206896551724,0.11724137931034483,0.315719433030414,176.28571428571428,4.075110876640169,0.33369963620357446,0.23423939144526634,0.057730257065321366
2018-04-08,112,3.883720930232558,1.4823329742374447,0.29457364341085274,0.046511627906976744,0.813953488372093,0.38167855025275527,173.71428571428572,4.08387552080873,0.3305013084906749,0.23496795704531298,0.05685597834526541
2018-04-09,141,4.2727272727272725,1.2315152097118667,0.18787878787878787,0.048484848484848485,0.38181818181818183,0.28822696397511777,169.57142857142858,4.095139766766854,0.3277259687842194,0.23119553898718062,0.04993398877021461
2018-04-10,236,3.9851301115241635,1.403540991598527,0.2379182156133829,0.02973977695167286,0.6951672862453532,0.3521945212126901,170.42857142857142,4.0919373298686885,0.32878676327636486,0.22583075577291994,0.040705439385952245
2018-04-11,178,4.172413793103448,1.280016857178175,0.22660098522167488,0.04433497536945813,0.5320197044334976,0.3067808996542733,167.85714285714286,4.117244919811022,0.3217452415931515,0.22570401771047813,0.036206238169266845
2018-04-12,116,3.984848484848485,1.4671197752341776,0.26515151515151514,0.022727272727272728,0.12878787878787878,0.36817454435534497,154.14285714285714,4.077890335001893,0.33471319375355796,0.23878941715951393,0.033549803694650555
2018-04-13,240,4.294573643410852,1.234416327521968,0.16666666666666666,0.031007751937984496,0.313953488372093,0.28743629287063877,164.71428571428572,4.113344890835255,0.32860160076446204,0.22357095864208634,0.03577035146782359
2018-04-14,144,3.9759036144578315,1.4010896505346613,0.2710843373493976,0.03614457831325301,0.2469879518072289,0.35239527574053603,166.71428571428572,4.081331121472088,0.333841006865908,0.23569630732746824,0.036992975955923775
2018-04-15,140,3.874251497005988,1.4977076488515602,0.2634730538922156,0.023952095808383235,0.39520958083832336,0.38657987226925894,170.71428571428572,4.079978345296863,0.3345411957254086,0.23125336596766297,0.033770185656124704
2018-04-16,171,4.153061224489796,1.2098064334796492,0.2193877551020408,0.03571428571428571,0.5714285714285714,0.291304743196574,175.0,4.062883195548652,0.3349808784713309,0.2357546469995562,0.03194581954604431
2018-04-17,246,4.141891891891892,1.2268749615685646,0.20608108108108109,0.02702702702702703,0.5608108108108109,0.2962112468387399,176.42857142857142,4.085277735601185,0.32698326784648085,0.2312064849235131,0.031558283842523474
2018-04-18,214,4.103448275862069,1.3249475059099243,0.22844827586206898,0.07758620689655173,0.5991379310344828,0.3228863669864521,181.57142857142858,4.075425518852417,0.329284048893935,0.23147038358642652,0.036308459774965426
2018-04-19,224,4.08058608058608,1.3561232405213057,0.1978021978021978,0.040293040293040296,0.5641025641025641,0.332335408134934,197.0,4.089102318243501,0.32416417229101907,0.22184905253652404,0.03881785514150365
2018-04-20,85,4.117021276595745,1.318653459320908,0.22340425531914893,0.0425531914893617,0.3723404255319149,0.3202930883105048,174.85714285714286,4.063737694412771,0.328858000211,0.22995442234402155,0.04046720364884325
2018-04-24,789,4.0793825799338475,1.3348299220499809,0.21389195148842338,0.022050716648291068,0.16538037486218302,0.327213713324144,267.0,4.078520403766488,0.3252606341515154,0.2217840815067395,0.03845379483956297
2018-04-25,236,4.124555160142349,1.32103932216134,0.21352313167259787,0.028469750889679714,0.20640569395017794,0.3202864965723352,280.7142857142857,4.114278069928825,0.3157901519090977,0.21464837833250838,0.039099174136891034
2018-04-26,185,4.24537037037037,1.2867759790761188,0.18981481481481483,0.037037037037037035,0.75,0.30310099398085244,282.7142857142857,4.127465090768908,0.3174753305925661,0.2104236725771904,0.0392881386115698
2018-04-27,204,4.238297872340426,1.08733053331113,0.1574468085106383,0.04680851063829787,0.33617021276595743,0.25654887081136096,276.7142857142857,4.141237373690127,0.31180927687436905,0.20347591935284146,0.04211406484175135
2018-04-28,153,4.124324324324324,1.2116745072969775,0.23783783783783785,0.02702702702702703,0.31891891891891894,0.29378739691997485,268.0,4.144219666327592,0.30765228115058657,0.20481728534937987,0.03489132486039067
2018-04-29,103,4.052173913043478,1.4070217286621898,0.23478260869565218,0.043478260869565216,0.19130434782608696,0.34722639226642027,250.71428571428572,4.140160785250077,0.3097795645979418,0.21010020119130193,0.03534635637132281
2018-04-30,78,4.373626373626373,1.0397473159736845,0.18681318681318682,0.01098901098901099,0.04395604395604396,0.2377311702351892,249.71428571428572,4.1768186562544525,0.29798500487289675,0.20487290569045016,0.03083718772841556
2018-05-01,314,4.1807909604519775,1.2396076535133747,0.192090395480226,0.03389830508474576,0.16666666666666666,0.29650074955657746,181.85714285714286,4.191305567757042,0.2935974386203872,0.20175839768927914,0.032529700362194804
2018-05-02,176,4.246305418719212,1.277537717301884,0.18226600985221675,0.059113300492610835,1.2364532019704433,0.30085865036227666,173.28571428571428,4.208698461839451,0.29082203201895024,0.19729309457208183,0.036907350305470675
2018-05-03,254,4.279742765273312,1.1976622112793418,0.1639871382636656,0.03215434083601286,0.28938906752411575,0.2798444385483661,183.14285714285714,4.213608803968443,0.2874996669571665,0.19360342649334622,0.036209822276752936
2018-05-04,220,4.292490118577075,1.1553116311972926,0.20948616600790515,0.043478260869565216,0.24110671936758893,0.2691471848001059,185.42857142857142,4.221350553430821,0.2892994260984158,0.20103762042152717,0.03573407230979113
2018-05-05,175,4.095959595959596,1.3577690863177885,0.22727272727272727,0.04040404040404041,0.41414141414141414,0.331489863244047,188.57142857142858,4.217298449378718,0.29468549271614036,0.19952831891222567,0.037645074220793044
2018-05-06,65,4.235294117647059,1.271004386699612,0.17647058823529413,0.04411764705882353,0.19117647058823528,0.3000982579707417,183.14285714285714,4.243458478607801,0.28795290210247204,0.19119803027503166,0.0377364151049728
2018-05-07,286,3.9451219512195124,1.4153075276866354,0.2682926829268293,0.051829268292682924,0.4024390243902439,0.3587487396299972,212.85714285714286,4.182243561121107,0.30524112630173034,0.2028379582912663,0.04357073757692593
2018-05-08,335,4.213367609254499,1.2795884571493237,0.1953727506426735,0.02313624678663239,0.2133676092544987,0.3036973214344642,215.85714285714286,4.186897368092895,0.3062692079985712,0.20330686617161595,0.042033300677195455
2018-05-09,249,4.296819787985866,1.1655016540984995,0.15547703180212014,0.06713780918727916,0.5265017667844523,0.27124750666930536,226.28571428571428,4.19411370655956,0.3020390446138611,0.19947986930731645,0.04317965906214807
2018-05-10,241,4.1313131313131315,1.3679225567305047,0.23905723905723905,0.04040404040404041,0.19528619528619529,0.3311108389152077,224.42857142857142,4.172909473136677,0.30936281609483846,0.21020416942068407,0.044358187571866284
2018-05-11,205,3.9665271966527196,1.4777512691020989,0.2384937238493724,0.09205020920502092,0.6276150627615062,0.3725554359867106,222.28571428571428,4.126343341433198,0.3241354234072106,0.2143481062551794,0.05129703733407425
2018-05-12,168,4.0390243902439025,1.3388753783731944,0.2780487804878049,0.06829268292682927,0.5073170731707317,0.3314848460948126,221.28571428571428,4.1182097406166704,0.3241347066716056,0.22160182814304763,0.05528112912304408
2018-05-13,136,3.9403973509933774,1.4058534209011986,0.2913907284768212,0.059602649006622516,0.2185430463576159,0.35677960765727895,231.42857142857142,4.076081631094715,0.332232042341111,0.23801899103469434,0.05749327225844393
2018-05-14,232,4.2322097378277155,1.1562237540279574,0.18726591760299627,0.08239700374531835,0.6629213483146067,0.27319623214642885,223.71428571428572,4.117094172038745,0.32001025555774404,0.22644373884557534,0.06186009160882043
2018-05-15,299,4.087323943661972,1.3984383519278192,0.22535211267605634,0.09577464788732394,0.6450704225352113,0.34214032731521415,218.57142857142858,4.099087934096955,0.3255021135407083,0.23072650485034435,0.07223700605177637
2018-05-16,287,4.231003039513678,1.1950657816838823,0.20364741641337386,0.11854103343465046,0.8237082066869301,0.2824544843204003,224.0,4.089685541458071,0.3271031103480076,0.2376079883662377,0.07958032380140083
2018-05-17,106,3.848,1.4483360864643393,0.296,0.192,1.16,0.37638671685663705,204.71428571428572,4.049212236984766,0.33357109291106896,0.24574266850091783,0.1012368894579665
2018-05-18,281,4.006042296072508,1.3662467005231775,0.23867069486404835,0.13293051359516617,0.6042296072507553,0.34104649915020496,215.57142857142858,4.054857251187593,0.3290698162201396,0.24576795007444296,0.10707693294227297
2018-05-19,116,4.068965517241379,1.3157970356709496,0.21379310344827587,0.06206896551724138,0.22758620689655173,0.3233738477496402,208.14285714285714,4.059134555044375,0.32791110217082925,0.23658856764022457,0.10618783045518897
2018-05-20,125,4.136690647482014,1.3143656586988908,0.2158273381294964,0.17985611510791366,0.9640287769784173,0.3177336114072101,206.57142857142858,4.087176454542752,0.32233310270653365,0.22579379759060675,0.12336689704108772
2018-05-21,101,4.033057851239669,1.4715857903268879,0.256198347107438,0.10743801652892562,1.4958677685950412,0.3648809029294128,187.85714285714286,4.058726185030174,0.33543091281838855,0.23564128751981267,0.12694418458160303
2018-05-22,202,3.8816326530612244,1.511658717309543,0.2816326530612245,0.08571428571428572,0.4489795918367347,0.3894388914204396,174.0,4.029341714944353,0.34218785054770645,0.24368136471769383,0.1255069899854547
2018-05-23,132,4.254777070063694,1.2294696511344196,0.20382165605095542,0.044585987261146494,0.17197452229299362,0.28896217848518546,151.85714285714286,4.032738005022927,0.34311752114267574,0.24370625609449123,0.11494198338923987
2018-05-24,101,4.121739130434783,1.222219910776077,0.2,0.017391304347826087,0.10434782608695652,0.296530147129217,151.14285714285714,4.071843595085039,0.3317094397530443,0.22999197038020552,0.08999788401035788
2018-05-25,78,4.32258064516129,1.2611355331999727,0.15053763440860216,0.010752688172043012,0.1827956989247312,0.291755235292531,122.14285714285714,4.117063359240579,0.32466783063051946,0.21740153317228458,0.07254390894991171
2018-05-26,98,4.180327868852459,1.285754069788324,0.20491803278688525,0.00819672131147541,0.040983606557377046,0.3075725421846579,119.57142857142857,4.13297226661359,0.32241050126409343,0.2161336659349431,0.06484787406337371
2018-05-27,69,4.293333333333333,1.0751911625548434,0.17333333333333334,0.0,0.0,0.2504327241975567,111.57142857142857,4.155349793163778,0.31279608880557147,0.21006309382120553,0.039154143333671766
2018-05-28,94,4.25,1.1117469624025131,0.19444444444444445,0.0,0.0,0.2615875205652972,110.57142857142857,4.186341528700969,0.2980398913249836,0.20124110772649215,0.02380585525811096
2018-05-29,118,4.281481481481482,1.1885765464386622,0.17777777777777778,0.0,0.0,0.27760870894328615,98.57142857142857,4.243462789903863,0.2820641509711045,0.18640469697171408,0.011560957298927286
2018-05-30,116,4.348484848484849,1.0699564697205783,0.14393939393939395,0.0,0.0,0.24605270732250234,96.28571428571429,4.256849615392599,0.2759342265192926,0.17785008809863387,0.00519153054733493
2018-05-31,108,4.233333333333333,1.2280566962887827,0.15833333333333333,0.0,0.0,0.2900921329816022,97.28571428571429,4.272791644378107,0.2750145102124905,0.17189770714625288,0.0027070584976454887
2018-06-01,116,4.099290780141844,1.0643909360958306,0.23404255319148937,0.014184397163120567,0.19148936170212766,0.2596524601894673,102.71428571428571,4.240893092232471,0.2704283994834814,0.18382698125809394,0.003197302639227997
2018-06-02,126,4.0479452054794525,1.5146739345520326,0.23972602739726026,0.00684931506849315,0.6575342465753424,0.37418340853569665,106.71428571428571,4.2219812831791845,0.2799442375336298,0.18879955191671893,0.003004816033087674
2018-06-03,118,4.309352517985611,1.1847394433982577,0.18705035971223022,0.0,0.0,0.2749228424580264,113.71428571428571,4.22426973812951,0.28344282585655406,0.19075912711370419,0.003004816033087674
2018-06-04,140,4.296774193548387,1.1797765226878976,0.17419354838709677,0.0,0.0,0.27457261413907524,120.28571428571429,4.23095176577928,0.2852978392242366,0.18786614196265453,0.003004816033087674
2018-06-05,207,4.2272727272727275,1.266386370676037,0.19008264462809918,0.008264462809917356,0.12396694214876033,0.2995752704825034,133.0,4.2232076580351725,0.2884359194441248,0.189623980084129,0.004185453577361582
2018-06-06,182,3.8185840707964602,1.574183311226851,0.3008849557522124,0.004424778761061947,0.008849557522123894,0.41224267478246623,142.42857142857142,4.147507546936831,0.3121773433669768,0.21204477462881735,0.00481756482894186
2018-06-07,177,3.6778846153846154,1.5810139674797419,0.34615384615384615,0.0,0.0,0.42987046436050497,152.28571428571428,4.068157730087014,0.33214567642110576,0.2388762764603192,0.00481756482894186
2018-06-08,157,3.8043478260869565,1.534585830348251,0.3423913043478261,0.016304347826086956,0.16304347826086957,0.4033768468343974,158.14285714285714,4.026023022364887,0.3526777316560957,0.254354669482653,0.005120414923651344
2018-06-09,145,4.186746987951807,1.3101257015182752,0.18674698795180722,0.030120481927710843,0.42771084337349397,0.3129221100029262,160.85714285714286,4.045851848432366,0.34392611757998576,0.2467862352761597,0.008444867332111014
2018-06-10,107,4.0,1.50409277704775,0.21951219512195122,0.0,0.0,0.3760231942619375,159.28571428571428,4.001658631577279,0.3583690249805444,0.2514236403346913,0.008444867332111014
2018-06-11,188,4.259615384615385,1.2664011339353345,0.20673076923076922,0.02403846153846154,0.39903846153846156,0.2973041036778212,166.14285714285714,3.9963502303011356,0.3616163806289367,0.2560718147409302,0.01187893326617695
2018-06-12,235,4.2562277580071175,1.2153065477828562,0.18149466192170818,0.0711743772241993,0.37722419928825623,0.2855360701730624,170.14285714285714,4.0004866632631915,0.3596107805847308,0.25484496006858864,0.020866063896788654
2018-06-13,192,4.256880733944954,1.2583631363581347,0.17889908256880735,0.013761467889908258,0.11009174311926606,0.2956068574634411,171.57142857142858,4.063100472284405,0.34294852096772727,0.23741840675667364,0.02219987662948098
2018-06-14,195,4.212669683257919,1.312534891115242,0.18099547511312217,0.013574660633484163,0.19004524886877827,0.31156843279964386,174.14285714285714,4.139498339123448,0.3260482307447471,0.21382435375085593,0.024139113862835865
2018-06-15,154,4.426966292134831,1.072382009359819,0.12921348314606743,0.011235955056179775,0.2752808988764045,0.2422385757183348,173.71428571428572,4.228443834273145,0.3030284777281667,0.18337037929346184,0.023415057752849126
2018-06-16,117,4.27906976744186,1.3461562420116677,0.17054263565891473,0.015503875968992248,0.35658914728682173,0.3145908609049006,169.71428571428572,4.241632802771724,0.3032668707141631,0.18105547182304862,0.021326971187317894
2018-06-17,113,4.538461538461538,1.035448044832768,0.12307692307692308,0.0,0.0,0.22814956920044044,170.57142857142858,4.3185558796948005,0.2821420671339492,0.16727900438804458,0.021326971187317894
2018-06-18,169,4.4,1.0973754162695664,0.14736842105263157,0.005263157894736842,0.005263157894736842,0.2494035036976287,167.85714285714286,4.338610824749745,0.275299124279636,0.15879866893402492,0.01864478495250008
2018-06-19,226,4.490272373540856,0.9524345469101064,0.11673151750972763,0.007782101167315175,0.054474708171206226,0.21211063999644483,166.57142857142858,4.372045769825994,0.26480977711154774,0.14954679116088485,0.009588745515802351
2018-06-20,162,4.1521739130434785,1.3382541649575146,0.21195652173913043,0.010869565217391304,0.043478260869565216,0.322302050199192,162.28571428571428,4.3570876525543545,0.2686233760737979,0.154269282470931,0.009175616562585644
2018-06-21,175,4.398009950248756,1.039613399250172,0.12437810945273632,0.009950248756218905,0.03482587064676617,0.23638268467113638,159.42857142857142,4.383564833553046,0.25788255491258255,0.14618108737659016,0.008657843437262036
2018-06-22,127,4.23021582733813,1.2295665948016103,0.18705035971223022,0.007194244604316547,0.07194244604316546,0.2906628514922174,155.57142857142858,4.355457624296374,0.26480030859456577,0.15444349831461343,0.008080456229853003
2018-06-23,151,4.216374269005848,1.3128194895109928,0.2046783625730994,0.005847953216374269,0.005847953216374269,0.31136218128485404,160.42857142857142,4.3465011245198015,0.2643390686488448,0.15932003073092552,0.0067010386937647205
2018-06-24,143,4.333333333333333,1.1434714170981406,0.17307692307692307,0.00641025641025641,0.08333333333333333,0.26387801933034016,164.71428571428572,4.317197095215772,0.2694431329531162,0.16646288787378266,0.007616789609515636
2018-06-25,144,4.241379310344827,1.24895810674411,0.1839080459770115,0.017241379310344827,0.5229885057471264,0.2944697975250341,161.14285714285714,4.294536996693604,0.2758811749284598,0.17168283429155123,0.009327964097459633
2018-06-26,220,4.208835341365462,1.2749771697022971,0.18875502008032127,0.004016064257028112,0.11244979919678715,0.3029287359311756,160.28571428571428,4.254331706382834,0.28885518863342136,0.1819719060873503,0.008789958824561482
2018-06-27,172,4.37037037037037,1.0917341126549251,0.14814814814814814,0.0,0.0,0.24980356814985577,161.71428571428572,4.2855026288581035,0.27849826262637334,0.17285642414578142,0.007237163793505581
2018-06-28,186,4.273542600896861,1.1822903054750264,0.17040358744394618,0.008968609865470852,0.03139013452914798,0.27665345028429267,163.28571428571428,4.26772157895069,0.28425122914253853,0.17943149243023998,0.00709692966625586
2018-06-29,149,4.3,1.2139781780410128,0.16111111111111112,0.011111111111111112,0.022222222222222223,0.2823205065211658,166.42857142857142,4.277690746473814,0.2830594655752455,0.17572588548722295,0.007656482024369369
2018-06-30,113,4.271186440677966,1.2380092715306168,0.16101694915254236,0.0,0.0,0.28985137706470787,161.0,4.285521056712689,0.279986493543796,0.16948854071285765,0.0068210601363159025
2018-07-01,102,4.294642857142857,1.2128322363220865,0.1875,0.0,0.0,0.2824058429689682,155.14285714285714,4.279993845828335,0.28263332549217146,0.1715489802732972,0.0059053092205649865
2018-07-02,126,4.4222222222222225,0.9732747205142234,0.13333333333333333,0.0,0.0,0.2200872483574877,152.57142857142858,4.305828547525105,0.2720072470396648,0.16432402132420032,0.0034422550333728682
2018-07-03,4,4.0,0.8164965809277259,0.25,0.25,6.25,0.20412414523193148,121.71428571428571,4.27599492733004,0.25789230551120135,0.17307330416986874,0.03858281728236885
2018-07-05,549,4.299531981279251,1.1992770345571637,0.17004680187207488,0.0124804992199688,0.20124804992199688,0.27893199533785995,175.57142857142858,4.26587515745988,0.26205350939520194,0.17620168327328686,0.040365745742364394
2018-07-06,115,4.39344262295082,1.0645091760698284,0.16393442622950818,0.02459016393442623,0.16393442622950818,0.24229499903081914,165.42857142857142,4.283003732039017,0.25714515921613434,0.17527751738550998,0.04259739632364374
2018-07-07,77,4.6477272727272725,0.6615859163894665,0.045454545454545456,0.0,0.0,0.14234611403978742,155.14285714285714,4.332679056714341,0.23714881743308025,0.15875515086314346,0.041010094736342144
2018-07-08,81,4.089108910891089,1.393549496078199,0.21782178217821782,0.0297029702970297,0.16831683168316833,0.34079539734600023,150.57142857142858,4.306667981030502,0.24442653461612202,0.16687012700966855,0.04525337620734639
2018-07-09,98,4.281553398058253,1.2240840972019258,0.20388349514563106,0.05825242718446602,0.49514563106796117,0.2858971927705178,150.0,4.30479805830413,0.24492529887348624,0.16921062631618725,0.05357515151941296
2018-07-10,114,4.333333333333333,1.1730302638892147,0.18253968253968253,0.023809523809523808,0.11904761904761904,0.2706992916667419,148.28571428571428,4.292099645605717,0.25215559077480826,0.17624010477423716,0.05697651206363065
2018-07-11,106,4.048,1.4076748158210313,0.256,0.08,1.104,0.34774575489649984,162.85714285714286,4.29895678846286,0.2726729635840323,0.17709724763138,0.03269079777791637
2018-07-12,99,4.305555555555555,1.2414818800800025,0.17592592592592593,0.08333333333333333,1.0185185185185186,0.2883441785992264,98.57142857142857,4.29981729907376,0.27401756119279896,0.17793712249621585,0.04281263122268273
2018-07-13,123,4.091603053435114,1.3781279480590234,0.24427480916030533,0.007633587786259542,0.04580152671755725,0.3368185843203957,99.71428571428571,4.256697360571517,0.2875209305198813,0.1894143200577583,0.04039026320151606
2018-07-14,112,4.260162601626016,1.2857185168191116,0.2032520325203252,0.04065040650406504,0.34146341463414637,0.30180033887166174,104.71428571428571,4.201330978985623,0.3103001054958634,0.21195681821001258,0.04619746413066821
2018-07-15,80,4.183908045977011,1.3427560656765818,0.21839080459770116,0.011494252873563218,0.25287356321839083,0.3209334552578643,104.57142857142857,4.214873712569326,0.30746268519755826,0.2120381071270816,0.043596218784458705
2018-07-16,141,4.267123287671233,1.2500543209736843,0.1780821917808219,0.04794520547945205,0.2534246575342466,0.29295012979479595,110.71428571428571,4.2128122682283236,0.30847024762959796,0.20835220664639456,0.042123758540885285
2018-07-17,209,4.211618257261411,1.1975799710243227,0.17427385892116182,0.03734439834024896,0.22406639004149378,0.2843515005092234,124.28571428571429,4.195424400218049,0.3104205631785239,0.20717137470089161,0.044057312045274584
2018-07-18,227,4.363636363636363,1.1677484162422846,0.1709090909090909,0.05454545454545454,0.20363636363636364,0.26760901205552357,141.57142857142858,4.240515309308957,0.29897245705838443,0.19501553054504744,0.04042094840891096
2018-07-19,183,4.169811320754717,1.3558488229084151,0.19339622641509435,0.014150943396226415,0.16981132075471697,0.32515831499613573,153.57142857142858,4.221123275765981,0.30423161940080007,0.19751128775778581,0.03053774984646711
2018-07-20,205,4.222689075630252,1.2978357170642785,0.19327731092436976,0.01680672268907563,0.23529411764705882,0.3073481598619883,165.28571428571428,4.239849850365286,0.3000215587638847,0.19022593086693787,0.03184819768972655
2018-07-21,163,4.467391304347826,1.0501218972336765,0.11956521739130435,0.021739130434782608,0.11413043478260869,0.23506378234914413,172.57142857142858,4.269453950754117,0.29048776497495366,0.17827067156279203,0.029146586822686206
2018-07-22,3,4.666666666666667,0.5773502691896257,0.0,0.0,0.0,0.12371791482634836,161.57142857142858,4.338419467995496,0.2623141163418799,0.14707198519169187,0.02750455069789146
2018-07-23,245,4.249097472924188,1.2125734317644965,0.19133574007220217,0.02888086642599278,0.37545126353790614,0.2853719971102511,176.42857142857142,4.33584435160306,0.26123152595837357,0.1489653492333176,0.02478107369025442
2018-07-24,270,4.358803986710964,1.150723206560721,0.15282392026578073,0.029900332225913623,0.13953488372093023,0.26399976004175074,185.14285714285714,4.356870884381569,0.25832413446302027,0.1459010722825489,0.0237176356739208
2018-07-25,218,4.385214007782102,1.1839813218239619,0.1556420233463035,0.023346303501945526,0.17898832684824903,0.2699939660237428,183.85714285714286,4.359953404973816,0.25866484217276586,0.14372006263072215,0.019260614096276656
2018-07-26,207,4.277310924369748,1.221635963012255,0.17647058823529413,0.029411764705882353,0.18067226890756302,0.2856084078555174,187.28571428571428,4.3753104912045355,0.25301485543839186,0.1413021143193221,0.021440731426227506
2018-07-27,182,4.40625,1.0331528001801955,0.13392857142857142,0.013392857142857142,0.18303571428571427,0.23447439436713657,184.0,4.4015334804002135,0.2426043175105559,0.13282372296277947,0.02095303634819629
2018-07-28,135,4.51875,0.9381627636338926,0.11875,0.00625,0.04375,0.2076155493518988,180.0,4.408870436921952,0.23868314136809227,0.13270726333545027,0.01874030342894163
2018-07-29,88,4.527472527472527,0.9350063498377296,0.08791208791208792,0.02197802197802198,0.17582417582417584,0.20651839280396456,192.14285714285714,4.388985559894218,0.2505117810791803,0.14526613303717711,0.021880020854373343
2018-07-30,215,4.248945147679325,1.1577158917288493,0.16033755274261605,0.05907172995780591,0.3459915611814346,0.27247136677233097,187.85714285714286,4.388963799144952,0.2486688338880488,0.14083782056152197,0.026193001358918076
2018-07-31,266,4.23202614379085,1.2577968558005703,0.17973856209150327,0.049019607843137254,0.19934640522875818,0.2972091412161965,187.28571428571428,4.370852678727793,0.2534130311986839,0.14468276939376803,0.02892432644709288
